<xml xmlns="http://www.w3.org/1999/xhtml">
  <tab name="Init" type="InitTab" active="false" scrollx="20" scrolly="0" scale="0.9"></tab>
  <tab name="New Tab" type="CommonTab" active="false" scrollx="460.28619384765625" scrolly="174.1391143798828" scale="0.3">
    <block xmlns="https://developers.google.com/blockly/xml" type="whenClicked" id="Pnd?ZzJ9NW96D@~NPy[V" inline="false" x="50" y="-30">
      <mutation xmlns="http://www.w3.org/1999/xhtml" adveventoptions="false" enableifmissed="false"></mutation>
      <field name="X_RAY">FALSE</field>
      <field name="DOUBLE_CLICK">FALSE</field>
      <field name="LEFT_BUTTON">TRUE</field>
      <field name="MIDDLE_BUTTON">TRUE</field>
      <field name="RIGHT_BUTTON">TRUE</field>
      <value name="VALUE">
        <shadow type="objectList" id="p*[VGFcZ%2(3uTYu9?4P">
          <field name="FIELDNAME">sphereblack</field>
        </shadow>
      </value>
      <statement name="DO">
        <block type="assignMaterial" id="WyG+dNY/uqZkj%g@AgSU">
          <value name="VALUE2">
            <shadow type="materialList" id="8A?~(%KiRItnB-JXHqU,">
              <field name="FIELDNAME">paintblak</field>
            </shadow>
          </value>
          <value name="VALUE1">
            <shadow type="objectList" id="ZKbX.aqE}a!O/@_ot(Qj">
              <field name="FIELDNAME">metal2</field>
            </shadow>
          </value>
          <next>
            <block type="assignMaterial" id="~-S?Nbnn#%[z16sL:9%`">
              <value name="VALUE2">
                <shadow type="materialList" id="D2q}*6H-0,TfD~d+@JXU">
                  <field name="FIELDNAME">paintblak</field>
                </shadow>
              </value>
              <value name="VALUE1">
                <shadow type="objectList" id="+0]*@^/|Fp0kkRI,.I$S">
                  <field name="FIELDNAME">metal1</field>
                </shadow>
              </value>
            </block>
          </next>
        </block>
      </statement>
      <next>
        <block type="whenClicked" id="u_bnrck:%Zt*K(qaW`L)" inline="false">
          <mutation xmlns="http://www.w3.org/1999/xhtml" adveventoptions="false" enableifmissed="false"></mutation>
          <field name="X_RAY">FALSE</field>
          <field name="DOUBLE_CLICK">FALSE</field>
          <field name="LEFT_BUTTON">TRUE</field>
          <field name="MIDDLE_BUTTON">TRUE</field>
          <field name="RIGHT_BUTTON">TRUE</field>
          <value name="VALUE">
            <shadow type="objectList" id="qXY%4-LR$b-wSLp5KOw:">
              <field name="FIELDNAME">spherewhite</field>
            </shadow>
          </value>
          <statement name="DO">
            <block type="assignMaterial" id="-ge7Vye_8V8.WQ]/Y=2C">
              <value name="VALUE2">
                <shadow type="materialList" id="bg6gp-NP|P?js9{6L_d,">
                  <field name="FIELDNAME">paintwhite</field>
                </shadow>
              </value>
              <value name="VALUE1">
                <shadow type="objectList" id="_Jpur_YF,H;2ljS@#McY">
                  <field name="FIELDNAME">metal1</field>
                </shadow>
              </value>
              <next>
                <block type="assignMaterial" id="N#aJ,v+!PV)KWmEJxnPz">
                  <value name="VALUE2">
                    <shadow type="materialList" id="8KMQ1)$n=~EW._3MO96{">
                      <field name="FIELDNAME">paintwhite</field>
                    </shadow>
                  </value>
                  <value name="VALUE1">
                    <shadow type="objectList" id="rUIPU$DD5Up7|PHlKAc3">
                      <field name="FIELDNAME">metal2</field>
                    </shadow>
                  </value>
                </block>
              </next>
            </block>
          </statement>
          <next>
            <block type="whenClicked" id="ECG%qAm5jXL#G6SUK+X1" inline="false">
              <mutation xmlns="http://www.w3.org/1999/xhtml" adveventoptions="false" enableifmissed="false"></mutation>
              <field name="X_RAY">FALSE</field>
              <field name="DOUBLE_CLICK">FALSE</field>
              <field name="LEFT_BUTTON">TRUE</field>
              <field name="MIDDLE_BUTTON">TRUE</field>
              <field name="RIGHT_BUTTON">TRUE</field>
              <value name="VALUE">
                <shadow type="objectList" id="_.Mn6k(T+,ovy;oz7T:=">
                  <field name="FIELDNAME">spherechrome</field>
                </shadow>
              </value>
              <statement name="DO">
                <block type="assignMaterial" id="!Gc6Gi-)J0[FkD@(G+jc">
                  <value name="VALUE2">
                    <shadow type="materialList" id="u@,|vVx$e3Fws_p5v*eX">
                      <field name="FIELDNAME">paintchrome</field>
                    </shadow>
                  </value>
                  <value name="VALUE1">
                    <shadow type="objectList" id=".^d:IEg|oxQ6].q#bvq,">
                      <field name="FIELDNAME">metal1</field>
                    </shadow>
                  </value>
                  <next>
                    <block type="assignMaterial" id=")K*QU[w#k}zh|(K{A$z5">
                      <value name="VALUE2">
                        <shadow type="materialList" id="CUt6*;zpUwG4D-Z)*^X?">
                          <field name="FIELDNAME">paintchrome</field>
                        </shadow>
                      </value>
                      <value name="VALUE1">
                        <shadow type="objectList" id="}Wt~/6VKwA?H?QNdK^1V">
                          <field name="FIELDNAME">metal2</field>
                        </shadow>
                      </value>
                    </block>
                  </next>
                </block>
              </statement>
            </block>
          </next>
        </block>
      </next>
    </block>
    <block xmlns="https://developers.google.com/blockly/xml" type="whenClicked" id="+N,Nl;$WcXZOyOW3s.lN" inline="false" x="630" y="390">
      <mutation xmlns="http://www.w3.org/1999/xhtml" adveventoptions="false" enableifmissed="false"></mutation>
      <field name="X_RAY">FALSE</field>
      <field name="DOUBLE_CLICK">FALSE</field>
      <field name="LEFT_BUTTON">TRUE</field>
      <field name="MIDDLE_BUTTON">TRUE</field>
      <field name="RIGHT_BUTTON">TRUE</field>
      <value name="VALUE">
        <shadow type="objectList" id="^:oM+i?8KQ^{Z%)9Wncv">
          <field name="FIELDNAME">slab1</field>
        </shadow>
      </value>
      <statement name="DO">
        <block type="replaceTexture" id="1isglAt/?ndk1Iq`E.[|">
          <mutation xmlns="http://www.w3.org/1999/xhtml" enabledoslot="false" flextexinput="false"></mutation>
          <field name="OLD_TEX_NAME">wood i</field>
          <value name="MATERIAL">
            <shadow type="materialList" id="y;bt[+*?/0EkFOksW:um">
              <field name="FIELDNAME">wood1</field>
            </shadow>
          </value>
          <value name="NEW_TEX_URL">
            <shadow type="text" id="{[1`FxR:{HnZAyr)-@]x">
              <field name="TEXT">./2173e2c8636aa275f48fdaaa06a93dbd.jpg.png</field>
            </shadow>
          </value>
        </block>
      </statement>
      <next>
        <block type="whenClicked" id="j;SXr(RN{DQ!Rps}i+,6" inline="false">
          <mutation xmlns="http://www.w3.org/1999/xhtml" adveventoptions="false" enableifmissed="false"></mutation>
          <field name="X_RAY">FALSE</field>
          <field name="DOUBLE_CLICK">FALSE</field>
          <field name="LEFT_BUTTON">TRUE</field>
          <field name="MIDDLE_BUTTON">TRUE</field>
          <field name="RIGHT_BUTTON">TRUE</field>
          <value name="VALUE">
            <shadow type="objectList" id="Z})p6FIjEsDz~w[j$}9d">
              <field name="FIELDNAME">slab2</field>
            </shadow>
          </value>
          <statement name="DO">
            <block type="replaceTexture" id="%Q8*oipLpRJ#+ejHRECe">
              <mutation xmlns="http://www.w3.org/1999/xhtml" enabledoslot="false" flextexinput="false"></mutation>
              <field name="OLD_TEX_NAME">wood i</field>
              <value name="MATERIAL">
                <shadow type="materialList" id="-={k!W^.0}znn.gDC{aI">
                  <field name="FIELDNAME">wood1</field>
                </shadow>
              </value>
              <value name="NEW_TEX_URL">
                <shadow type="text" id=",]E}pvA8hso9{DLUA?w[">
                  <field name="TEXT">./6f5816a85a0d8c5c5314baede4926197.jpg</field>
                </shadow>
              </value>
            </block>
          </statement>
          <next>
            <block type="whenClicked" id="oZ|~AgUBrJfu]FMF~4bm" inline="false">
              <mutation xmlns="http://www.w3.org/1999/xhtml" adveventoptions="false" enableifmissed="false"></mutation>
              <field name="X_RAY">FALSE</field>
              <field name="DOUBLE_CLICK">FALSE</field>
              <field name="LEFT_BUTTON">TRUE</field>
              <field name="MIDDLE_BUTTON">TRUE</field>
              <field name="RIGHT_BUTTON">TRUE</field>
              <value name="VALUE">
                <shadow type="objectList" id="(%`|?~DsWF9jyR)5@KIU">
                  <field name="FIELDNAME">slab3</field>
                </shadow>
              </value>
              <statement name="DO">
                <block type="replaceTexture" id="S?MjV21RfFsW[%~q`b.r">
                  <mutation xmlns="http://www.w3.org/1999/xhtml" enabledoslot="false" flextexinput="false"></mutation>
                  <field name="OLD_TEX_NAME">wood i</field>
                  <value name="MATERIAL">
                    <shadow type="materialList" id="@ODboR.`Ci]:yy__|8i%">
                      <field name="FIELDNAME">wood1</field>
                    </shadow>
                  </value>
                  <value name="NEW_TEX_URL">
                    <shadow type="text" id="w6W*82JRjv_z?SYf(vUV">
                      <field name="TEXT">./eb0ddb977870107acd3c9e38f24ec9d9.jpg</field>
                    </shadow>
                  </value>
                </block>
              </statement>
            </block>
          </next>
        </block>
      </next>
    </block>
    <block xmlns="https://developers.google.com/blockly/xml" type="whenClicked" id=":Zrk0AlQ}_(nR0ddR1s%" inline="false" x="-230" y="730">
      <mutation xmlns="http://www.w3.org/1999/xhtml" adveventoptions="false" enableifmissed="false"></mutation>
      <field name="X_RAY">FALSE</field>
      <field name="DOUBLE_CLICK">FALSE</field>
      <field name="LEFT_BUTTON">TRUE</field>
      <field name="MIDDLE_BUTTON">TRUE</field>
      <field name="RIGHT_BUTTON">TRUE</field>
      <value name="VALUE">
        <shadow type="objectList" id="};ke5K[nmd`{N`}Ztv$i">
          <field name="FIELDNAME">semisphere1</field>
        </shadow>
      </value>
      <statement name="DO">
        <block type="replaceTexture" id="iMirwQ{BbE$dSjmszAwE">
          <mutation xmlns="http://www.w3.org/1999/xhtml" enabledoslot="false" flextexinput="false"></mutation>
          <field name="OLD_TEX_NAME">shelfcolor</field>
          <value name="MATERIAL">
            <shadow type="materialList" id="ZJ7UZ:l%2%.;2t892yom">
              <field name="FIELDNAME">shelfcolor</field>
            </shadow>
          </value>
          <value name="NEW_TEX_URL">
            <shadow type="text" id="Swyx7]#V/T;u?})dmE_3">
              <field name="TEXT">./Brown Smooth Wood Grain Metallic Wallpaper R6294 - Free Sample.jpeg.png</field>
            </shadow>
          </value>
        </block>
      </statement>
      <next>
        <block type="whenClicked" id="`tV(Z:S6H~^%vqo(^50h" inline="false">
          <mutation xmlns="http://www.w3.org/1999/xhtml" adveventoptions="false" enableifmissed="false"></mutation>
          <field name="X_RAY">FALSE</field>
          <field name="DOUBLE_CLICK">FALSE</field>
          <field name="LEFT_BUTTON">TRUE</field>
          <field name="MIDDLE_BUTTON">TRUE</field>
          <field name="RIGHT_BUTTON">TRUE</field>
          <value name="VALUE">
            <shadow type="objectList" id="dAZMt%i2CoR-Y(tN.:.=">
              <field name="FIELDNAME">semisphere2</field>
            </shadow>
          </value>
          <statement name="DO">
            <block type="replaceTexture" id="~sL%iyk2qv(zQkeqS4*q">
              <mutation xmlns="http://www.w3.org/1999/xhtml" enabledoslot="false" flextexinput="false"></mutation>
              <field name="OLD_TEX_NAME">shelfcolor</field>
              <value name="MATERIAL">
                <shadow type="materialList" id="KwMf6?I`?E=)ht?NA7iR">
                  <field name="FIELDNAME">shelfcolor</field>
                </shadow>
              </value>
              <value name="NEW_TEX_URL">
                <shadow type="text" id="elK`pq:%GO}xAwf|=9fq">
                  <field name="TEXT">./29b06a28d61fd20345f652c3efd30fc3.jpg</field>
                </shadow>
              </value>
            </block>
          </statement>
          <next>
            <block type="whenClicked" id="5i[x4OW0dOcv6S=t-;oM" inline="false">
              <mutation xmlns="http://www.w3.org/1999/xhtml" adveventoptions="false" enableifmissed="false"></mutation>
              <field name="X_RAY">FALSE</field>
              <field name="DOUBLE_CLICK">FALSE</field>
              <field name="LEFT_BUTTON">TRUE</field>
              <field name="MIDDLE_BUTTON">TRUE</field>
              <field name="RIGHT_BUTTON">TRUE</field>
              <value name="VALUE">
                <shadow type="objectList" id="N0C]aAhMZxBc48zT9Hu4">
                  <field name="FIELDNAME">semisphere3</field>
                </shadow>
              </value>
              <statement name="DO">
                <block type="replaceTexture" id="j=`?C-DF;AW]cZ_B]N/3">
                  <mutation xmlns="http://www.w3.org/1999/xhtml" enabledoslot="false" flextexinput="false"></mutation>
                  <field name="OLD_TEX_NAME">shelfcolor</field>
                  <value name="MATERIAL">
                    <shadow type="materialList" id="Nz;Rv;M)G@-:Z-LW)8dT">
                      <field name="FIELDNAME">shelfcolor</field>
                    </shadow>
                  </value>
                  <value name="NEW_TEX_URL">
                    <shadow type="text" id="o#4f}8lSh+w.*.zYf4j=">
                      <field name="TEXT">./fb03099792601a422fe5b572063d114b.jpg</field>
                    </shadow>
                  </value>
                </block>
              </statement>
            </block>
          </next>
        </block>
      </next>
    </block>
  </tab>
  <tab name="animation" type="CommonTab" active="true" scrollx="63.13076555409282" scrolly="150.95255029655812" scale="0.676839362028687">
    <variables xmlns="https://developers.google.com/blockly/xml">
      <variable id="|m~Td:^=bY7q4_]+{;Uh">status</variable>
    </variables>
    <block xmlns="https://developers.google.com/blockly/xml" type="variables_set" id="twfe$U!)a1]67}%z|57K" x="210" y="-110">
      <field name="VAR" id="|m~Td:^=bY7q4_]+{;Uh">status</field>
      <value name="VALUE">
        <block type="text" id=".4BsEfyg6@]fgybcp)2c">
          <field name="TEXT">closed</field>
        </block>
      </value>
    </block>
    <block xmlns="https://developers.google.com/blockly/xml" type="whenClicked" id="JA.IQ%wJMOA!{4:@fmo6" inline="false" x="-70" y="30">
      <mutation xmlns="http://www.w3.org/1999/xhtml" adveventoptions="false" enableifmissed="false"></mutation>
      <field name="X_RAY">FALSE</field>
      <field name="DOUBLE_CLICK">FALSE</field>
      <field name="LEFT_BUTTON">TRUE</field>
      <field name="MIDDLE_BUTTON">TRUE</field>
      <field name="RIGHT_BUTTON">TRUE</field>
      <value name="VALUE">
        <shadow type="objectList" id="*y_($UQMO@;=LtO=G@?D">
          <field name="FIELDNAME">drawer1</field>
        </shadow>
      </value>
      <statement name="DO">
        <block type="controls_if" id="3#X/R-$~}s=.+.6!?;wz">
          <mutation elseif="1"></mutation>
          <value name="IF0">
            <block type="logic_compare" id="(n,3,Yt}N*{+5x,Zna`h">
              <field name="OP">EQ</field>
              <value name="A">
                <block type="variables_get" id="eD=,_eVB]h`;F!rf6YxT">
                  <field name="VAR" id="|m~Td:^=bY7q4_]+{;Uh">status</field>
                </block>
              </value>
              <value name="B">
                <block type="text" id="piXk$iTi*hnQ,xAMHz3R">
                  <field name="TEXT">closed</field>
                </block>
              </value>
            </block>
          </value>
          <statement name="DO0">
            <block type="playAnimationAdv" id="3O}K#3?r1/o%i:rvHk_w">
              <mutation xmlns="http://www.w3.org/1999/xhtml" advplaybackoptions="false" enablewhenfinished="true"></mutation>
              <field name="REVERSED">FALSE</field>
              <field name="LOOP">LoopOnce</field>
              <value name="VALUE">
                <shadow type="animationList" id="0,u_|+@h0{]9a.72/gRs">
                  <field name="FIELDNAME">drawer1</field>
                </shadow>
              </value>
              <statement name="DO">
                <block type="variables_set" id="Yn6({pT}TQ7#3T9SvpsN">
                  <field name="VAR" id="|m~Td:^=bY7q4_]+{;Uh">status</field>
                  <value name="VALUE">
                    <block type="text" id="oCZ+%OfdIzi$p/.OO{%p">
                      <field name="TEXT">open</field>
                    </block>
                  </value>
                </block>
              </statement>
            </block>
          </statement>
          <value name="IF1">
            <block type="logic_compare" id="8rvRN/(Fig^/((d]|X8|">
              <field name="OP">EQ</field>
              <value name="A">
                <block type="variables_get" id="dU{y.Yp1ec-[FZ//[5YQ">
                  <field name="VAR" id="|m~Td:^=bY7q4_]+{;Uh">status</field>
                </block>
              </value>
              <value name="B">
                <block type="text" id="xBzZ6asZwvteMrHC7$,u">
                  <field name="TEXT">open</field>
                </block>
              </value>
            </block>
          </value>
          <statement name="DO1">
            <block type="playAnimationAdv" id="WKVKqQa$jx/+yp|/O.Qo">
              <mutation xmlns="http://www.w3.org/1999/xhtml" advplaybackoptions="true" enablewhenfinished="true"></mutation>
              <field name="REVERSED">TRUE</field>
              <field name="LOOP">LoopOnce</field>
              <value name="VALUE">
                <shadow type="animationList" id="SM0l{z,lOYcDx3WDaHc1">
                  <field name="FIELDNAME">drawer1</field>
                </shadow>
              </value>
              <value name="FROM">
                <shadow type="math_number" id="?i.Agnw4~~F-uq[xW@`r">
                  <field name="NUM">1</field>
                </shadow>
              </value>
              <value name="TO">
                <shadow type="math_number" id="c;~?4.:KM_zWGhLif{]|">
                  <field name="NUM">30</field>
                </shadow>
              </value>
              <value name="SPEED">
                <shadow type="math_number" id=",{n7P5pD}e~+#(AD.?^c">
                  <field name="NUM">1</field>
                </shadow>
              </value>
              <statement name="DO">
                <block type="variables_set" id="aI,2Ai@ogZPdOHeaVwax">
                  <field name="VAR" id="|m~Td:^=bY7q4_]+{;Uh">status</field>
                  <value name="VALUE">
                    <block type="text" id="*_RlLTa~;U`1H1$uMR|(">
                      <field name="TEXT">closed</field>
                    </block>
                  </value>
                </block>
              </statement>
            </block>
          </statement>
        </block>
      </statement>
    </block>
    <block xmlns="https://developers.google.com/blockly/xml" type="whenClicked" id="PE;/q98f:%h[5IRH|[Dj" inline="false" x="30" y="390">
      <mutation xmlns="http://www.w3.org/1999/xhtml" adveventoptions="false" enableifmissed="false"></mutation>
      <field name="X_RAY">FALSE</field>
      <field name="DOUBLE_CLICK">FALSE</field>
      <field name="LEFT_BUTTON">TRUE</field>
      <field name="MIDDLE_BUTTON">TRUE</field>
      <field name="RIGHT_BUTTON">TRUE</field>
      <value name="VALUE">
        <shadow type="objectList" id="FBLo9j-;gr%1)w{C`#$!">
          <field name="FIELDNAME">drawer2</field>
        </shadow>
      </value>
      <statement name="DO">
        <block type="controls_if" id="G,-C)-N~X{%alHKrF?W3">
          <value name="IF0">
            <block type="logic_compare" id=".Xq?O+~`4P25p7jY$=#_">
              <field name="OP">EQ</field>
              <value name="A">
                <block type="variables_get" id="TU:*-lPu5b)-[H)eMlf$">
                  <field name="VAR" id="|m~Td:^=bY7q4_]+{;Uh">status</field>
                </block>
              </value>
              <value name="B">
                <block type="text" id="uW*Au?kNq4h_N1PWt{Z:">
                  <field name="TEXT">closed</field>
                </block>
              </value>
            </block>
          </value>
          <statement name="DO0">
            <block type="playAnimationAdv" id="}E:hJTA7cNazwhkF5q.S">
              <mutation xmlns="http://www.w3.org/1999/xhtml" advplaybackoptions="false" enablewhenfinished="true"></mutation>
              <field name="REVERSED">FALSE</field>
              <field name="LOOP">LoopOnce</field>
              <value name="VALUE">
                <shadow type="animationList" id="Fj2~fd)-R5:.soKBubFm">
                  <field name="FIELDNAME">drawer2</field>
                </shadow>
              </value>
              <statement name="DO">
                <block type="variables_set" id="5lV$[}Tn@C!]8q%4z%j8">
                  <field name="VAR" id="|m~Td:^=bY7q4_]+{;Uh">status</field>
                  <value name="VALUE">
                    <block type="text" id="I:.yuCE,lU(}3Rt)2jck">
                      <field name="TEXT">open</field>
                    </block>
                  </value>
                </block>
              </statement>
            </block>
          </statement>
        </block>
      </statement>
    </block>
    <block xmlns="https://developers.google.com/blockly/xml" type="playAnimationAdv" id="g0]BrA[ILn0tySxCPy/|" x="1070" y="490">
      <mutation xmlns="http://www.w3.org/1999/xhtml" advplaybackoptions="false" enablewhenfinished="false"></mutation>
      <field name="REVERSED">FALSE</field>
      <field name="LOOP">LoopOnce</field>
      <value name="VALUE">
        <shadow type="animationList" id="0$%?J$MZ?,9FE(dTi]ey">
          <field name="FIELDNAME">drawer2</field>
        </shadow>
      </value>
    </block>
  </tab>
  <editorsettings viewport-x="903.5999999999999" viewport-y="37" viewport-w="614.4" viewport-h="347.5" viewport-hidden="false" toolbox-library-mode="false" toolbox-minimized-mode="false"></editorsettings>
</xml>