<xml xmlns="http://www.w3.org/1999/xhtml">
  <tab name="Init" type="InitTab" active="false" scrollx="20" scrolly="0" scale="0.9"></tab>
  <tab name="New Tab" type="CommonTab" active="true" scrollx="162.32843036988447" scrolly="127.78885294600039" scale="0.4545611576959667">
    <block xmlns="https://developers.google.com/blockly/xml" type="whenClicked" id="Pnd?ZzJ9NW96D@~NPy[V" inline="false" x="50" y="-30">
      <mutation xmlns="http://www.w3.org/1999/xhtml" adveventoptions="false" enableifmissed="false"></mutation>
      <field name="X_RAY">FALSE</field>
      <field name="DOUBLE_CLICK">FALSE</field>
      <field name="LEFT_BUTTON">TRUE</field>
      <field name="MIDDLE_BUTTON">TRUE</field>
      <field name="RIGHT_BUTTON">TRUE</field>
      <value name="VALUE">
        <shadow type="objectList" id="p*[VGFcZ%2(3uTYu9?4P">
          <field name="FIELDNAME">sphereblack</field>
        </shadow>
      </value>
      <statement name="DO">
        <block type="assignMaterial" id="WyG+dNY/uqZkj%g@AgSU">
          <value name="VALUE2">
            <shadow type="materialList" id="8A?~(%KiRItnB-JXHqU,">
              <field name="FIELDNAME">paintblak</field>
            </shadow>
          </value>
          <value name="VALUE1">
            <shadow type="objectList" id="ZKbX.aqE}a!O/@_ot(Qj">
              <field name="FIELDNAME">metal2</field>
            </shadow>
          </value>
          <next>
            <block type="assignMaterial" id="~-S?Nbnn#%[z16sL:9%`">
              <value name="VALUE2">
                <shadow type="materialList" id="D2q}*6H-0,TfD~d+@JXU">
                  <field name="FIELDNAME">paintblak</field>
                </shadow>
              </value>
              <value name="VALUE1">
                <shadow type="objectList" id="+0]*@^/|Fp0kkRI,.I$S">
                  <field name="FIELDNAME">metal1</field>
                </shadow>
              </value>
            </block>
          </next>
        </block>
      </statement>
      <next>
        <block type="whenClicked" id="u_bnrck:%Zt*K(qaW`L)" inline="false">
          <mutation xmlns="http://www.w3.org/1999/xhtml" adveventoptions="false" enableifmissed="false"></mutation>
          <field name="X_RAY">FALSE</field>
          <field name="DOUBLE_CLICK">FALSE</field>
          <field name="LEFT_BUTTON">TRUE</field>
          <field name="MIDDLE_BUTTON">TRUE</field>
          <field name="RIGHT_BUTTON">TRUE</field>
          <value name="VALUE">
            <shadow type="objectList" id="qXY%4-LR$b-wSLp5KOw:">
              <field name="FIELDNAME">spherewhite</field>
            </shadow>
          </value>
          <statement name="DO">
            <block type="assignMaterial" id="-ge7Vye_8V8.WQ]/Y=2C">
              <value name="VALUE2">
                <shadow type="materialList" id="bg6gp-NP|P?js9{6L_d,">
                  <field name="FIELDNAME">paintwhite</field>
                </shadow>
              </value>
              <value name="VALUE1">
                <shadow type="objectList" id="_Jpur_YF,H;2ljS@#McY">
                  <field name="FIELDNAME">metal1</field>
                </shadow>
              </value>
              <next>
                <block type="assignMaterial" id="N#aJ,v+!PV)KWmEJxnPz">
                  <value name="VALUE2">
                    <shadow type="materialList" id="8KMQ1)$n=~EW._3MO96{">
                      <field name="FIELDNAME">paintwhite</field>
                    </shadow>
                  </value>
                  <value name="VALUE1">
                    <shadow type="objectList" id="rUIPU$DD5Up7|PHlKAc3">
                      <field name="FIELDNAME">metal2</field>
                    </shadow>
                  </value>
                </block>
              </next>
            </block>
          </statement>
          <next>
            <block type="whenClicked" id="ECG%qAm5jXL#G6SUK+X1" inline="false">
              <mutation xmlns="http://www.w3.org/1999/xhtml" adveventoptions="false" enableifmissed="false"></mutation>
              <field name="X_RAY">FALSE</field>
              <field name="DOUBLE_CLICK">FALSE</field>
              <field name="LEFT_BUTTON">TRUE</field>
              <field name="MIDDLE_BUTTON">TRUE</field>
              <field name="RIGHT_BUTTON">TRUE</field>
              <value name="VALUE">
                <shadow type="objectList" id="_.Mn6k(T+,ovy;oz7T:=">
                  <field name="FIELDNAME">spherechrome</field>
                </shadow>
              </value>
              <statement name="DO">
                <block type="assignMaterial" id="!Gc6Gi-)J0[FkD@(G+jc">
                  <value name="VALUE2">
                    <shadow type="materialList" id="u@,|vVx$e3Fws_p5v*eX">
                      <field name="FIELDNAME">paintchrome</field>
                    </shadow>
                  </value>
                  <value name="VALUE1">
                    <shadow type="objectList" id=".^d:IEg|oxQ6].q#bvq,">
                      <field name="FIELDNAME">metal1</field>
                    </shadow>
                  </value>
                  <next>
                    <block type="assignMaterial" id=")K*QU[w#k}zh|(K{A$z5">
                      <value name="VALUE2">
                        <shadow type="materialList" id="CUt6*;zpUwG4D-Z)*^X?">
                          <field name="FIELDNAME">paintchrome</field>
                        </shadow>
                      </value>
                      <value name="VALUE1">
                        <shadow type="objectList" id="}Wt~/6VKwA?H?QNdK^1V">
                          <field name="FIELDNAME">metal2</field>
                        </shadow>
                      </value>
                    </block>
                  </next>
                </block>
              </statement>
            </block>
          </next>
        </block>
      </next>
    </block>
    <block xmlns="https://developers.google.com/blockly/xml" type="whenClicked" id="+N,Nl;$WcXZOyOW3s.lN" inline="false" x="-290" y="450">
      <mutation xmlns="http://www.w3.org/1999/xhtml" adveventoptions="false" enableifmissed="false"></mutation>
      <field name="X_RAY">FALSE</field>
      <field name="DOUBLE_CLICK">FALSE</field>
      <field name="LEFT_BUTTON">TRUE</field>
      <field name="MIDDLE_BUTTON">TRUE</field>
      <field name="RIGHT_BUTTON">TRUE</field>
      <value name="VALUE">
        <shadow type="objectList" id="^:oM+i?8KQ^{Z%)9Wncv">
          <field name="FIELDNAME">slab1</field>
        </shadow>
      </value>
      <statement name="DO">
        <block type="replaceTexture" id="@g,+9n!]_3=q0y,-8}8m">
          <mutation xmlns="http://www.w3.org/1999/xhtml" enabledoslot="false" flextexinput="false"></mutation>
          <field name="OLD_TEX_NAME">eb0ddb977870107acd3c9e38f24ec9d9.jpg</field>
          <value name="MATERIAL">
            <shadow type="materialList" id="o:YD:bC{E6mn`XKU0D.{">
              <field name="FIELDNAME">wood3</field>
            </shadow>
          </value>
          <value name="NEW_TEX_URL">
            <shadow type="text" id="*JyiUSxB.ndc$_M0crdr">
              <field name="TEXT">./2173e2c8636aa275f48fdaaa06a93dbd.jpg</field>
            </shadow>
          </value>
        </block>
      </statement>
    </block>
    <block xmlns="https://developers.google.com/blockly/xml" type="whenClicked" id="j;SXr(RN{DQ!Rps}i+,6" inline="false" x="-270" y="610">
      <mutation xmlns="http://www.w3.org/1999/xhtml" adveventoptions="false" enableifmissed="false"></mutation>
      <field name="X_RAY">FALSE</field>
      <field name="DOUBLE_CLICK">FALSE</field>
      <field name="LEFT_BUTTON">TRUE</field>
      <field name="MIDDLE_BUTTON">TRUE</field>
      <field name="RIGHT_BUTTON">TRUE</field>
      <value name="VALUE">
        <shadow type="objectList" id="Z})p6FIjEsDz~w[j$}9d">
          <field name="FIELDNAME">slab2</field>
        </shadow>
      </value>
      <statement name="DO">
        <block type="replaceTexture" id="%Q8*oipLpRJ#+ejHRECe">
          <mutation xmlns="http://www.w3.org/1999/xhtml" enabledoslot="false" flextexinput="false"></mutation>
          <field name="OLD_TEX_NAME">wood i</field>
          <value name="MATERIAL">
            <shadow type="materialList" id="-={k!W^.0}znn.gDC{aI">
              <field name="FIELDNAME">wood1</field>
            </shadow>
          </value>
          <value name="NEW_TEX_URL">
            <shadow type="text" id=",]E}pvA8hso9{DLUA?w[">
              <field name="TEXT">./6f5816a85a0d8c5c5314baede4926197.jpg</field>
            </shadow>
          </value>
        </block>
      </statement>
    </block>
    <block xmlns="https://developers.google.com/blockly/xml" type="whenClicked" id="oZ|~AgUBrJfu]FMF~4bm" inline="false" x="-170" y="810">
      <mutation xmlns="http://www.w3.org/1999/xhtml" adveventoptions="false" enableifmissed="false"></mutation>
      <field name="X_RAY">FALSE</field>
      <field name="DOUBLE_CLICK">FALSE</field>
      <field name="LEFT_BUTTON">TRUE</field>
      <field name="MIDDLE_BUTTON">TRUE</field>
      <field name="RIGHT_BUTTON">TRUE</field>
      <value name="VALUE">
        <shadow type="objectList" id="(%`|?~DsWF9jyR)5@KIU">
          <field name="FIELDNAME">slab3</field>
        </shadow>
      </value>
    </block>
  </tab>
  <editorsettings viewport-x="903.5999999999999" viewport-y="37" viewport-w="614.4" viewport-h="347.5" viewport-hidden="false" toolbox-library-mode="false" toolbox-minimized-mode="false"></editorsettings>
</xml>