<xml xmlns="http://www.w3.org/1999/xhtml">
  <tab name="Init" type="InitTab" active="false" scrollx="20" scrolly="20.000000000000114" scale="0.9"></tab>
  <tab name="New Tab" type="CommonTab" active="true" scrollx="20" scrolly="20.000000000000114" scale="0.9">
    <block xmlns="https://developers.google.com/blockly/xml" type="whenClicked" id="Pnd?ZzJ9NW96D@~NPy[V" inline="false" x="90" y="30">
      <mutation xmlns="http://www.w3.org/1999/xhtml" adveventoptions="false" enableifmissed="false"></mutation>
      <field name="X_RAY">FALSE</field>
      <field name="DOUBLE_CLICK">FALSE</field>
      <field name="LEFT_BUTTON">TRUE</field>
      <field name="MIDDLE_BUTTON">TRUE</field>
      <field name="RIGHT_BUTTON">TRUE</field>
      <value name="VALUE">
        <shadow type="objectList" id="p*[VGFcZ%2(3uTYu9?4P">
          <field name="FIELDNAME">sphereblack</field>
        </shadow>
      </value>
      <statement name="DO">
        <block type="assignMaterial" id="WyG+dNY/uqZkj%g@AgSU">
          <value name="VALUE2">
            <shadow type="materialList" id="8A?~(%KiRItnB-JXHqU,">
              <field name="FIELDNAME">paintblak</field>
            </shadow>
          </value>
          <value name="VALUE1">
            <shadow type="objectList" id="ZKbX.aqE}a!O/@_ot(Qj">
              <field name="FIELDNAME">metal2</field>
            </shadow>
          </value>
          <next>
            <block type="assignMaterial" id="~-S?Nbnn#%[z16sL:9%`">
              <value name="VALUE2">
                <shadow type="materialList" id="D2q}*6H-0,TfD~d+@JXU">
                  <field name="FIELDNAME">paintblak</field>
                </shadow>
              </value>
              <value name="VALUE1">
                <shadow type="objectList" id="+0]*@^/|Fp0kkRI,.I$S">
                  <field name="FIELDNAME">metal1</field>
                </shadow>
              </value>
            </block>
          </next>
        </block>
      </statement>
    </block>
  </tab>
  <editorsettings viewport-x="903.5999999999999" viewport-y="37" viewport-w="614.4" viewport-h="347.5" viewport-hidden="false" toolbox-library-mode="false" toolbox-minimized-mode="false"></editorsettings>
</xml>