<xml xmlns="http://www.w3.org/1999/xhtml">
  <tab name="Init" type="InitTab" active="false" scrollx="20" scrolly="20.000000000000114" scale="0.9"></tab>
  <tab name="New Tab" type="CommonTab" active="true" scrollx="20" scrolly="20.000000000000114" scale="0.9">
    <block xmlns="https://developers.google.com/blockly/xml" type="whenClicked" id="Pnd?ZzJ9NW96D@~NPy[V" inline="false" x="90" y="30">
      <mutation xmlns="http://www.w3.org/1999/xhtml" adveventoptions="false" enableifmissed="false"></mutation>
      <field name="X_RAY">FALSE</field>
      <field name="DOUBLE_CLICK">FALSE</field>
      <field name="LEFT_BUTTON">TRUE</field>
      <field name="MIDDLE_BUTTON">TRUE</field>
      <field name="RIGHT_BUTTON">TRUE</field>
      <value name="VALUE">
        <shadow type="objectList" id="p*[VGFcZ%2(3uTYu9?4P">
          <field name="FIELDNAME">sphereblack</field>
        </shadow>
      </value>
      <statement name="DO">
        <block type="assignMaterial" id="WyG+dNY/uqZkj%g@AgSU">
          <value name="VALUE2">
            <shadow type="materialList" id="8A?~(%KiRItnB-JXHqU,">
              <field name="FIELDNAME">paintblak</field>
            </shadow>
          </value>
          <value name="VALUE1">
            <shadow type="objectList" id="ZKbX.aqE}a!O/@_ot(Qj">
              <field name="FIELDNAME">metal2</field>
            </shadow>
          </value>
          <next>
            <block type="assignMaterial" id="~-S?Nbnn#%[z16sL:9%`">
              <value name="VALUE2">
                <shadow type="materialList" id="D2q}*6H-0,TfD~d+@JXU">
                  <field name="FIELDNAME">paintblak</field>
                </shadow>
              </value>
              <value name="VALUE1">
                <shadow type="objectList" id="+0]*@^/|Fp0kkRI,.I$S">
                  <field name="FIELDNAME">metal1</field>
                </shadow>
              </value>
            </block>
          </next>
        </block>
      </statement>
    </block>
    <block xmlns="https://developers.google.com/blockly/xml" type="whenClicked" id="u_bnrck:%Zt*K(qaW`L)" inline="false" x="90" y="190">
      <mutation xmlns="http://www.w3.org/1999/xhtml" adveventoptions="false" enableifmissed="false"></mutation>
      <field name="X_RAY">FALSE</field>
      <field name="DOUBLE_CLICK">FALSE</field>
      <field name="LEFT_BUTTON">TRUE</field>
      <field name="MIDDLE_BUTTON">TRUE</field>
      <field name="RIGHT_BUTTON">TRUE</field>
      <value name="VALUE">
        <shadow type="objectList" id="qXY%4-LR$b-wSLp5KOw:">
          <field name="FIELDNAME">spherewhite</field>
        </shadow>
      </value>
      <statement name="DO">
        <block type="assignMaterial" id="-ge7Vye_8V8.WQ]/Y=2C">
          <value name="VALUE2">
            <shadow type="materialList" id="bg6gp-NP|P?js9{6L_d,">
              <field name="FIELDNAME">paintwhite</field>
            </shadow>
          </value>
          <value name="VALUE1">
            <shadow type="objectList" id="_Jpur_YF,H;2ljS@#McY">
              <field name="FIELDNAME">metal1</field>
            </shadow>
          </value>
          <next>
            <block type="assignMaterial" id="N#aJ,v+!PV)KWmEJxnPz">
              <value name="VALUE2">
                <shadow type="materialList" id="8KMQ1)$n=~EW._3MO96{">
                  <field name="FIELDNAME">paintwhite</field>
                </shadow>
              </value>
              <value name="VALUE1">
                <shadow type="objectList" id="rUIPU$DD5Up7|PHlKAc3">
                  <field name="FIELDNAME">metal2</field>
                </shadow>
              </value>
            </block>
          </next>
        </block>
      </statement>
    </block>
    <block xmlns="https://developers.google.com/blockly/xml" type="whenClicked" id="ECG%qAm5jXL#G6SUK+X1" inline="false" x="90" y="350">
      <mutation xmlns="http://www.w3.org/1999/xhtml" adveventoptions="false" enableifmissed="false"></mutation>
      <field name="X_RAY">FALSE</field>
      <field name="DOUBLE_CLICK">FALSE</field>
      <field name="LEFT_BUTTON">TRUE</field>
      <field name="MIDDLE_BUTTON">TRUE</field>
      <field name="RIGHT_BUTTON">TRUE</field>
      <value name="VALUE">
        <shadow type="objectList" id="_.Mn6k(T+,ovy;oz7T:=">
          <field name="FIELDNAME">spherewhite</field>
        </shadow>
      </value>
      <statement name="DO">
        <block type="assignMaterial" id="!Gc6Gi-)J0[FkD@(G+jc">
          <value name="VALUE2">
            <shadow type="materialList" id="u@,|vVx$e3Fws_p5v*eX">
              <field name="FIELDNAME">paintwhite</field>
            </shadow>
          </value>
          <value name="VALUE1">
            <shadow type="objectList" id=".^d:IEg|oxQ6].q#bvq,">
              <field name="FIELDNAME">metal1</field>
            </shadow>
          </value>
          <next>
            <block type="assignMaterial" id=")K*QU[w#k}zh|(K{A$z5">
              <value name="VALUE2">
                <shadow type="materialList" id="CUt6*;zpUwG4D-Z)*^X?">
                  <field name="FIELDNAME">paintwhite</field>
                </shadow>
              </value>
              <value name="VALUE1">
                <shadow type="objectList" id="}Wt~/6VKwA?H?QNdK^1V">
                  <field name="FIELDNAME">metal2</field>
                </shadow>
              </value>
            </block>
          </next>
        </block>
      </statement>
    </block>
  </tab>
  <editorsettings viewport-x="903.5999999999999" viewport-y="37" viewport-w="614.4" viewport-h="347.5" viewport-hidden="false" toolbox-library-mode="false" toolbox-minimized-mode="false"></editorsettings>
</xml>